[
  {
    "id": "hospital",
    "category": "hospital",
    "base_priority": 1.0,
    "load": 40,
    "occupancy": 120
  },
  {
    "id": "school",
    "category": "school",
    "base_priority": 0.6,
    "load": 20,
    "occupancy": 300
  },
  {
    "id": "water_plant",
    "category": "water_plant",
    "base_priority": 0.8,
    "load": 30,
    "occupancy": 10
  },
  {
    "id": "residential_block_A",
    "category": "residential",
    "base_priority": 0.4,
    "load": 15,
    "occupancy": 60
  },
  {
    "id": "shop",
    "category": "shop",
    "base_priority": 0.2,
    "load": 10,
    "occupancy": 20
  }
]


